{
  "cluster": {
    "davies_bouldin": 7.89866563288149,
    "silhouette": 0.003898387309163809
  },
  "geometry": {
    "avg_cross_class_distance": 1.0201261599361897,
    "avg_same_class_distance": 0.9719452076256275,
    "centroid_cosine_distance_matrix": [
      [
        0.0,
        1.8453631401062012,
        1.572646975517273,
        0.4733676314353943,
        0.8337404131889343,
        1.3182402849197388
      ],
      [
        1.8453631401062012,
        0.0,
        0.4937479496002197,
        1.7495906352996826,
        1.4771649837493896,
        0.817514181137085
      ],
      [
        1.572646975517273,
        0.4937479496002197,
        0.0,
        1.4209641218185425,
        1.424656629562378,
        0.9913932681083679
      ],
      [
        0.4733676314353943,
        1.7495906352996826,
        1.4209641218185425,
        0.0,
        0.8619589805603027,
        1.3116756677627563
      ],
      [
        0.8337404131889343,
        1.4771649837493896,
        1.424656629562378,
        0.8619589805603027,
        0.0,
        0.8278557658195496
      ],
      [
        1.3182402849197388,
        0.817514181137085,
        0.9913932681083679,
        1.3116756677627563,
        0.8278557658195496,
        0.0
      ]
    ],
    "centroid_euclidean_distance_matrix": [
      [
        0.0,
        0.4180459976196289,
        0.3826291859149933,
        0.22720393538475037,
        0.3252641558647156,
        0.38459137082099915
      ],
      [
        0.4180459976196289,
        0.0,
        0.2166183590888977,
        0.4376181364059448,
        0.43257564306259155,
        0.3064429461956024
      ],
      [
        0.3826291859149933,
        0.2166183590888977,
        0.0,
        0.39152857661247253,
        0.4220205545425415,
        0.33463355898857117
      ],
      [
        0.22720393538475037,
        0.4376181364059448,
        0.39152857661247253,
        0.0,
        0.34896498918533325,
        0.4092583954334259
      ],
      [
        0.3252641558647156,
        0.43257564306259155,
        0.4220205545425415,
        0.34896498918533325,
        0.0,
        0.3476296067237854
      ],
      [
        0.38459137082099915,
        0.3064429461956024,
        0.33463355898857117,
        0.4092583954334259,
        0.3476296067237854,
        0.0
      ]
    ],
    "labels": [
      0,
      1,
      2,
      3,
      4,
      5
    ],
    "same_to_cross_distance_ratio": 0.9527696139920812
  },
  "knn": {
    "1": {
      "accuracy": 0.673,
      "macro_f1": 0.5919373139709948
    },
    "5": {
      "accuracy": 0.7285,
      "macro_f1": 0.6361933619479818
    }
  },
  "logistic_regression": {
    "accuracy": 0.745,
    "macro_f1": 0.6757155063305605
  },
  "pca": {
    "explained_variance_ratio": [
      0.07070524990558624,
      0.03325341269373894,
      0.026658784598112106,
      0.023803990334272385,
      0.021648801863193512
    ],
    "top_component_ratio": 0.07070524990558624
  }
}
