{
  "cluster": {
    "davies_bouldin": 0.7786630706026445,
    "silhouette": 0.5230396389961243
  },
  "comparability": {
    "bge_style_train_probe_available": false,
    "embedding_variant": "l2",
    "label_note": "The Qwen stage uses happiness while the earlier BGE stage uses joy. Cross-stage comparisons must explain this mapping explicitly.",
    "source_eval_only": true
  },
  "geometry": {
    "avg_cross_class_distance": 0.9562679336412288,
    "avg_same_class_distance": 0.3595314848136642,
    "centroid_cosine_distance_matrix": [
      [
        0.0,
        0.5526823997497559,
        1.060263752937317,
        0.9537820219993591,
        0.5928855538368225,
        0.7896792888641357
      ],
      [
        0.5526823997497559,
        0.0,
        1.0019758939743042,
        0.8689534068107605,
        0.6208191514015198,
        0.6868888139724731
      ],
      [
        1.060263752937317,
        1.0019758939743042,
        0.0,
        0.5083125233650208,
        0.8987352848052979,
        0.5735390186309814
      ],
      [
        0.9537820219993591,
        0.8689534068107605,
        0.5083125233650208,
        0.0,
        0.7825185656547546,
        0.5712625980377197
      ],
      [
        0.5928855538368225,
        0.6208191514015198,
        0.8987352848052979,
        0.7825185656547546,
        0.0,
        0.81499183177948
      ],
      [
        0.7896792888641357,
        0.6868888139724731,
        0.5735390186309814,
        0.5712625980377197,
        0.81499183177948,
        0.0
      ]
    ],
    "centroid_euclidean_distance_matrix": [
      [
        0.0,
        0.9471818804740906,
        1.346027135848999,
        1.2758464813232422,
        0.9662387371063232,
        1.1347806453704834
      ],
      [
        0.9471818804740906,
        0.0,
        1.3278874158859253,
        1.2357568740844727,
        1.0046591758728027,
        1.0745875835418701
      ],
      [
        1.346027135848999,
        1.3278874158859253,
        0.0,
        0.9680494070053101,
        1.2405898571014404,
        1.0072412490844727
      ],
      [
        1.2758464813232422,
        1.2357568740844727,
        0.9680494070053101,
        0.0,
        1.1569604873657227,
        1.004446268081665
      ],
      [
        0.9662387371063232,
        1.0046591758728027,
        1.2405898571014404,
        1.1569604873657227,
        0.0,
        1.1537765264511108
      ],
      [
        1.1347806453704834,
        1.0745875835418701,
        1.0072412490844727,
        1.004446268081665,
        1.1537765264511108,
        0.0
      ]
    ],
    "labels": [
      0,
      1,
      2,
      3,
      4,
      5
    ],
    "same_to_cross_distance_ratio": 0.37597358665437874
  },
  "pca": {
    "explained_variance_ratio": [
      0.33620312809944153,
      0.1545964926481247,
      0.12183952331542969,
      0.111468106508255,
      0.09998580068349838
    ],
    "top_component_ratio": 0.33620312809944153
  },
  "source_model_prediction": {
    "accuracy": 0.9804358593363051,
    "macro_f1": 0.980469697179406,
    "source_eval_metrics_accuracy": 0.9804358593363051
  }
}
