{
  "sadness": {
    "count": 572,
    "min": 7.267708778381348,
    "max": 11.790132522583008,
    "percentiles": {
      "10": 8.189152717590332,
      "50": 9.06283950805664,
      "90": 9.953985214233398
    },
    "histogram": [
      24,
      115,
      209,
      152,
      55,
      15,
      1
    ]
  },
  "joy": {
    "count": 572,
    "min": 7.276398658752441,
    "max": 12.230046272277832,
    "percentiles": {
      "10": 8.40886116027832,
      "50": 9.25183391571045,
      "90": 10.232292175292969
    },
    "histogram": [
      12,
      116,
      212,
      157,
      55,
      16,
      3
    ]
  },
  "love": {
    "count": 572,
    "min": 7.440957069396973,
    "max": 11.326769828796387,
    "percentiles": {
      "10": 8.346344947814941,
      "50": 9.242822647094727,
      "90": 10.128717422485352
    },
    "histogram": [
      20,
      87,
      132,
      178,
      105,
      41,
      8
    ]
  },
  "anger": {
    "count": 572,
    "min": 7.323908805847168,
    "max": 12.707820892333984,
    "percentiles": {
      "10": 8.118260383605957,
      "50": 8.978883743286133,
      "90": 10.109789848327637
    },
    "histogram": [
      53,
      188,
      215,
      80,
      20,
      12,
      3
    ]
  },
  "fear": {
    "count": 572,
    "min": 7.280375003814697,
    "max": 12.772510528564453,
    "percentiles": {
      "10": 8.019707679748535,
      "50": 8.907905578613281,
      "90": 9.921955108642578
    },
    "histogram": [
      65,
      201,
      220,
      61,
      14,
      5,
      5
    ]
  },
  "surprise": {
    "count": 572,
    "min": 6.951722621917725,
    "max": 11.997763633728027,
    "percentiles": {
      "10": 8.118468284606934,
      "50": 9.040491104125977,
      "90": 10.026002883911133
    },
    "histogram": [
      16,
      88,
      201,
      177,
      71,
      17,
      1
    ]
  }
}