{
  "cluster": {
    "davies_bouldin": 0.7757497803863614,
    "silhouette": 0.5210586190223694
  },
  "comparability": {
    "bge_style_train_probe_available": false,
    "embedding_variant": "centered_l2",
    "label_note": "The Qwen stage uses happiness while the earlier BGE stage uses joy. Cross-stage comparisons must explain this mapping explicitly.",
    "source_eval_only": true
  },
  "geometry": {
    "avg_cross_class_distance": 1.1594377240371798,
    "avg_same_class_distance": 0.43188033331556447,
    "centroid_cosine_distance_matrix": [
      [
        0.0,
        0.8168526887893677,
        1.487455129623413,
        1.475173830986023,
        0.8181569576263428,
        1.2969396114349365
      ],
      [
        0.8168526887893677,
        0.0,
        1.5351496934890747,
        1.4515572786331177,
        0.9700338840484619,
        1.216357946395874
      ],
      [
        1.487455129623413,
        1.5351496934890747,
        0.0,
        0.8186562061309814,
        1.3304002285003662,
        0.9732294082641602
      ],
      [
        1.475173830986023,
        1.4515572786331177,
        0.8186562061309814,
        0.0,
        1.288700819015503,
        1.0667592287063599
      ],
      [
        0.8181569576263428,
        0.9700338840484619,
        1.3304002285003662,
        1.288700819015503,
        0.0,
        1.430699348449707
      ],
      [
        1.2969396114349365,
        1.216357946395874,
        0.9732294082641602,
        1.0667592287063599,
        1.430699348449707,
        0.0
      ]
    ],
    "centroid_euclidean_distance_matrix": [
      [
        0.0,
        1.1074953079223633,
        1.5544874668121338,
        1.5382493734359741,
        1.0926395654678345,
        1.3805303573608398
      ],
      [
        1.1074953079223633,
        0.0,
        1.591935396194458,
        1.5383435487747192,
        1.2001456022262573,
        1.3485417366027832
      ],
      [
        1.5544874668121338,
        1.591935396194458,
        0.0,
        1.1992298364639282,
        1.462625503540039,
        1.2559117078781128
      ],
      [
        1.5382493734359741,
        1.5383435487747192,
        1.1992298364639282,
        0.0,
        1.43032968044281,
        1.3060435056686401
      ],
      [
        1.0926395654678345,
        1.2001456022262573,
        1.462625503540039,
        1.43032968044281,
        0.0,
        1.4417197704315186
      ],
      [
        1.3805303573608398,
        1.3485417366027832,
        1.2559117078781128,
        1.3060435056686401,
        1.4417197704315186,
        0.0
      ]
    ],
    "labels": [
      0,
      1,
      2,
      3,
      4,
      5
    ],
    "same_to_cross_distance_ratio": 0.372491186341385
  },
  "pca": {
    "explained_variance_ratio": [
      0.32846954464912415,
      0.1650913506746292,
      0.1279839128255844,
      0.10581677407026291,
      0.09936732798814774
    ],
    "top_component_ratio": 0.32846954464912415
  },
  "source_model_prediction": {
    "accuracy": 0.9804358593363051,
    "macro_f1": 0.980469697179406,
    "source_eval_metrics_accuracy": 0.9804358593363051
  }
}
