{
  "sadness": {
    "count": 3365,
    "min": 1.3799060583114624,
    "max": 3.3607985973358154,
    "percentiles": {
      "10": 1.7510592937469482,
      "50": 2.0621321201324463,
      "90": 2.4830212593078613
    },
    "histogram": [
      142,
      1001,
      1211,
      720,
      251,
      31,
      8
    ]
  },
  "joy": {
    "count": 3365,
    "min": 1.5483973026275635,
    "max": 3.1966495513916016,
    "percentiles": {
      "10": 1.878251314163208,
      "50": 2.1587700843811035,
      "90": 2.5485475063323975
    },
    "histogram": [
      129,
      845,
      1144,
      804,
      326,
      103,
      13
    ]
  },
  "love": {
    "count": 3365,
    "min": 1.5164828300476074,
    "max": 3.0124683380126953,
    "percentiles": {
      "10": 1.8100146055221558,
      "50": 2.0647552013397217,
      "90": 2.420543670654297
    },
    "histogram": [
      109,
      899,
      1131,
      781,
      327,
      100,
      17
    ]
  },
  "anger": {
    "count": 3365,
    "min": 1.4823988676071167,
    "max": 3.2519917488098145,
    "percentiles": {
      "10": 1.9085612297058105,
      "50": 2.248281240463257,
      "90": 2.6898887157440186
    },
    "histogram": [
      69,
      493,
      1094,
      884,
      593,
      203,
      28
    ]
  },
  "fear": {
    "count": 3365,
    "min": 1.4658007621765137,
    "max": 3.2429559230804443,
    "percentiles": {
      "10": 1.8830599784851074,
      "50": 2.2003116607666016,
      "90": 2.615116596221924
    },
    "histogram": [
      83,
      525,
      1181,
      959,
      442,
      147,
      27
    ]
  },
  "surprise": {
    "count": 3365,
    "min": 1.508510708808899,
    "max": 3.237988233566284,
    "percentiles": {
      "10": 1.85890793800354,
      "50": 2.2466790676116943,
      "90": 2.653945207595825
    },
    "histogram": [
      146,
      602,
      947,
      885,
      640,
      135,
      9
    ]
  }
}