{
  "cluster": {
    "davies_bouldin": 7.928554670215033,
    "silhouette": 0.003970703575760126
  },
  "geometry": {
    "avg_cross_class_distance": 0.6125625986009836,
    "avg_same_class_distance": 0.5837995631843805,
    "centroid_cosine_distance_matrix": [
      [
        0.0,
        0.04733783006668091,
        0.04005861282348633,
        0.014005720615386963,
        0.027320265769958496,
        0.03923022747039795
      ],
      [
        0.04733783006668091,
        0.0,
        0.013277888298034668,
        0.05295991897583008,
        0.049776554107666016,
        0.02533543109893799
      ],
      [
        0.04005861282348633,
        0.013277888298034668,
        0.0,
        0.04279828071594238,
        0.047852516174316406,
        0.030584335327148438
      ],
      [
        0.014005720615386963,
        0.05295991897583008,
        0.04279828071594238,
        0.0,
        0.031942784786224365,
        0.045157551765441895
      ],
      [
        0.027320265769958496,
        0.049776554107666016,
        0.047852516174316406,
        0.031942784786224365,
        0.0,
        0.03171658515930176
      ],
      [
        0.03923022747039795,
        0.02533543109893799,
        0.030584335327148438,
        0.045157551765441895,
        0.03171658515930176,
        0.0
      ]
    ],
    "centroid_euclidean_distance_matrix": [
      [
        0.0,
        0.24937181174755096,
        0.2290935516357422,
        0.13594277203083038,
        0.1907978653907776,
        0.22809652984142303
      ],
      [
        0.24937181174755096,
        0.0,
        0.13118232786655426,
        0.26304757595062256,
        0.25655800104141235,
        0.18265113234519958
      ],
      [
        0.2290935516357422,
        0.13118232786655426,
        0.0,
        0.23608078062534332,
        0.25123852491378784,
        0.20041081309318542
      ],
      [
        0.13594277203083038,
        0.26304757595062256,
        0.23608078062534332,
        0.0,
        0.20593102276325226,
        0.2441886067390442
      ],
      [
        0.1907978653907776,
        0.25655800104141235,
        0.25123852491378784,
        0.20593102276325226,
        0.0,
        0.2056698501110077
      ],
      [
        0.22809652984142303,
        0.18265113234519958,
        0.20041081309318542,
        0.2441886067390442,
        0.2056698501110077,
        0.0
      ]
    ],
    "labels": [
      0,
      1,
      2,
      3,
      4,
      5
    ],
    "same_to_cross_distance_ratio": 0.9530447410888385
  },
  "knn": {
    "1": {
      "accuracy": 0.6825,
      "macro_f1": 0.5990367294349558
    },
    "5": {
      "accuracy": 0.7305,
      "macro_f1": 0.6508483546727946
    }
  },
  "logistic_regression": {
    "accuracy": 0.7385,
    "macro_f1": 0.6546229454660945
  },
  "pca": {
    "explained_variance_ratio": [
      0.06984377652406693,
      0.033149316906929016,
      0.025852786377072334,
      0.023620901629328728,
      0.021534772589802742
    ],
    "top_component_ratio": 0.06984377652406693
  }
}
