{
  "cluster": {
    "silhouette": 0.029300814494490623
  },
  "geometry": {
    "avg_inter_class_distance": 0.9176126250980097,
    "avg_intra_class_distance": 0.8648876985278698,
    "centroid_cosine_distance": 0.1864854097366333,
    "centroid_euclidean_distance": 0.30409950017929077,
    "intra_to_inter_ratio": 0.9425411931701482
  },
  "knn": {
    "1": {
      "accuracy": 0.8130733944954128,
      "macro_f1": 0.8123267829391345
    },
    "5": {
      "accuracy": 0.8279816513761468,
      "macro_f1": 0.8268659561287863
    }
  },
  "logistic_regression": {
    "accuracy": 0.8899082568807339,
    "macro_f1": 0.8897777965039422
  },
  "pca": {
    "explained_variance_ratio": [
      0.05129710212349892,
      0.042808596044778824,
      0.030634988099336624,
      0.027233999222517014,
      0.02468944527208805
    ],
    "top_component_ratio": 0.05129710212349892
  }
}
