{
  "sadness": {
    "count": 3365,
    "min": 6.540003776550293,
    "max": 13.29177188873291,
    "percentiles": {
      "10": 7.87692403793335,
      "50": 9.039504051208496,
      "90": 10.463638305664062
    },
    "histogram": [
      130,
      837,
      1162,
      859,
      327,
      43,
      6
    ]
  },
  "joy": {
    "count": 3365,
    "min": 6.552651882171631,
    "max": 12.785916328430176,
    "percentiles": {
      "10": 7.930217742919922,
      "50": 9.122589111328125,
      "90": 10.718545913696289
    },
    "histogram": [
      96,
      635,
      1076,
      878,
      439,
      213,
      27
    ]
  },
  "love": {
    "count": 3365,
    "min": 6.648153781890869,
    "max": 12.054007530212402,
    "percentiles": {
      "10": 7.616447448730469,
      "50": 8.77281665802002,
      "90": 10.018041610717773
    },
    "histogram": [
      193,
      735,
      1028,
      875,
      412,
      107,
      14
    ]
  },
  "anger": {
    "count": 3365,
    "min": 6.842607021331787,
    "max": 13.041486740112305,
    "percentiles": {
      "10": 8.3428373336792,
      "50": 9.46827220916748,
      "90": 10.694357872009277
    },
    "histogram": [
      103,
      414,
      1217,
      1090,
      412,
      107,
      21
    ]
  },
  "fear": {
    "count": 3365,
    "min": 6.35051965713501,
    "max": 12.861308097839355,
    "percentiles": {
      "10": 7.787655830383301,
      "50": 8.876396179199219,
      "90": 10.41817855834961
    },
    "histogram": [
      83,
      666,
      1286,
      813,
      360,
      118,
      38
    ]
  },
  "surprise": {
    "count": 3365,
    "min": 6.958127498626709,
    "max": 12.639389038085938,
    "percentiles": {
      "10": 8.476444244384766,
      "50": 9.764420509338379,
      "90": 10.90084457397461
    },
    "histogram": [
      47,
      380,
      816,
      1004,
      860,
      224,
      33
    ]
  }
}