{
  "anger": {
    "count": 676,
    "mean": 48.846275329589844,
    "median": 46.11573028564453,
    "max": 125.3946304321289
  },
  "fear": {
    "count": 672,
    "mean": 48.92162322998047,
    "median": 45.832664489746094,
    "max": 130.0214385986328
  },
  "happiness": {
    "count": 677,
    "mean": 33.859130859375,
    "median": 31.250612258911133,
    "max": 99.89136505126953
  },
  "love": {
    "count": 668,
    "mean": 33.8011474609375,
    "median": 30.358253479003906,
    "max": 95.08441925048828
  },
  "sadness": {
    "count": 681,
    "mean": 45.113521575927734,
    "median": 40.75090026855469,
    "max": 122.54133605957031
  },
  "surprise": {
    "count": 664,
    "mean": 47.49184799194336,
    "median": 44.7530517578125,
    "max": 109.22911834716797
  }
}