{
  "0": {
    "hist": [
      1,
      1,
      0,
      6,
      11,
      12,
      27,
      35,
      58,
      71,
      122,
      144,
      201,
      249,
      323,
      380,
      591,
      579,
      682,
      810,
      884,
      944,
      936,
      956,
      1004,
      904,
      896,
      820,
      706,
      614,
      551,
      447,
      411,
      312,
      250,
      216,
      145,
      115,
      91,
      45,
      46,
      29,
      18,
      13,
      7,
      10,
      1,
      3,
      1,
      3
    ],
    "bin_edges": [
      5.2961931228637695,
      5.382270336151123,
      5.468348026275635,
      5.554425239562988,
      5.640502452850342,
      5.7265801429748535,
      5.812657356262207,
      5.8987345695495605,
      5.984811782836914,
      6.070889472961426,
      6.156966686248779,
      6.243043899536133,
      6.3291215896606445,
      6.415198802947998,
      6.501276016235352,
      6.587353706359863,
      6.673430919647217,
      6.75950813293457,
      6.845585823059082,
      6.9316630363464355,
      7.017740249633789,
      7.103817939758301,
      7.189895153045654,
      7.275972366333008,
      7.3620500564575195,
      7.448127269744873,
      7.534204483032227,
      7.620282173156738,
      7.706359386444092,
      7.792436599731445,
      7.878514289855957,
      7.964591026306152,
      8.050668716430664,
      8.136746406555176,
      8.222823143005371,
      8.308900833129883,
      8.394977569580078,
      8.48105525970459,
      8.567132949829102,
      8.653209686279297,
      8.739287376403809,
      8.82536506652832,
      8.911441802978516,
      8.997519493103027,
      9.083597183227539,
      9.169673919677734,
      9.255751609802246,
      9.341829299926758,
      9.427906036376953,
      9.513983726501465,
      9.600061416625977
    ]
  },
  "1": {
    "hist": [
      9,
      19,
      53,
      109,
      238,
      321,
      475,
      546,
      582,
      671,
      649,
      659,
      684,
      667,
      602,
      567,
      504,
      467,
      462,
      385,
      345,
      322,
      300,
      260,
      239,
      220,
      180,
      171,
      177,
      170,
      158,
      136,
      118,
      106,
      98,
      67,
      65,
      68,
      33,
      25,
      17,
      25,
      19,
      5,
      5,
      10,
      6,
      4,
      2,
      2
    ],
    "bin_edges": [
      5.40330171585083,
      5.498363018035889,
      5.5934247970581055,
      5.688486099243164,
      5.783547878265381,
      5.8786091804504395,
      5.973670959472656,
      6.068732261657715,
      6.163794040679932,
      6.25885534286499,
      6.353917121887207,
      6.448978424072266,
      6.544039726257324,
      6.639101505279541,
      6.7341628074646,
      6.829224586486816,
      6.924285888671875,
      7.019347667694092,
      7.11440896987915,
      7.209470748901367,
      7.304532051086426,
      7.399593353271484,
      7.494655132293701,
      7.589716911315918,
      7.684778213500977,
      7.779839515686035,
      7.874901294708252,
      7.9699625968933105,
      8.065024375915527,
      8.160085678100586,
      8.255146980285645,
      8.350208282470703,
      8.445270538330078,
      8.540331840515137,
      8.635393142700195,
      8.73045539855957,
      8.825516700744629,
      8.920578002929688,
      9.015639305114746,
      9.110700607299805,
      9.20576286315918,
      9.300824165344238,
      9.395885467529297,
      9.490946769714355,
      9.586008071899414,
      9.681070327758789,
      9.776131629943848,
      9.871192932128906,
      9.966255187988281,
      10.061315536499023,
      10.156377792358398
    ]
  },
  "2": {
    "hist": [
      2,
      8,
      22,
      34,
      81,
      141,
      240,
      332,
      415,
      540,
      688,
      753,
      858,
      912,
      886,
      887,
      879,
      811,
      700,
      641,
      593,
      471,
      424,
      357,
      285,
      212,
      195,
      157,
      129,
      83,
      82,
      60,
      42,
      36,
      18,
      18,
      10,
      9,
      5,
      3,
      5,
      3,
      4,
      2,
      2,
      0,
      0,
      0,
      0,
      1
    ],
    "bin_edges": [
      6.076949596405029,
      6.157911777496338,
      6.2388739585876465,
      6.319836139678955,
      6.400798320770264,
      6.4817609786987305,
      6.562723159790039,
      6.643685340881348,
      6.724647521972656,
      6.805609703063965,
      6.886571884155273,
      6.967534065246582,
      7.048496246337891,
      7.129458427429199,
      7.210420608520508,
      7.291382789611816,
      7.372344970703125,
      7.453307151794434,
      7.5342698097229,
      7.615231990814209,
      7.696194171905518,
      7.777156352996826,
      7.858118534088135,
      7.939080715179443,
      8.02004337310791,
      8.101005554199219,
      8.181967735290527,
      8.262929916381836,
      8.343892097473145,
      8.424854278564453,
      8.505816459655762,
      8.58677864074707,
      8.667740821838379,
      8.748703002929688,
      8.829665184020996,
      8.910627365112305,
      8.991589546203613,
      9.072551727294922,
      9.15351390838623,
      9.234476089477539,
      9.315439224243164,
      9.396400451660156,
      9.477363586425781,
      9.558324813842773,
      9.639287948608398,
      9.72024917602539,
      9.801212310791016,
      9.882174491882324,
      9.963136672973633,
      10.044098854064941,
      10.12506103515625
    ]
  },
  "3": {
    "hist": [
      1,
      2,
      15,
      22,
      38,
      91,
      102,
      183,
      270,
      350,
      430,
      548,
      645,
      741,
      773,
      838,
      867,
      893,
      905,
      904,
      831,
      919,
      799,
      740,
      617,
      599,
      469,
      437,
      362,
      296,
      230,
      212,
      173,
      123,
      125,
      84,
      52,
      42,
      30,
      18,
      24,
      14,
      8,
      4,
      2,
      5,
      1,
      0,
      1,
      2
    ],
    "bin_edges": [
      6.000954627990723,
      6.077114105224609,
      6.153273582458496,
      6.229433059692383,
      6.3055925369262695,
      6.381752014160156,
      6.457911491394043,
      6.53407096862793,
      6.610230922698975,
      6.686390399932861,
      6.762549877166748,
      6.838709354400635,
      6.9148688316345215,
      6.991028308868408,
      7.067187786102295,
      7.143347263336182,
      7.219506740570068,
      7.295666217803955,
      7.371826171875,
      7.447985649108887,
      7.524145126342773,
      7.60030460357666,
      7.676464080810547,
      7.752623558044434,
      7.82878303527832,
      7.904942512512207,
      7.981101989746094,
      8.05726146697998,
      8.133420944213867,
      8.209580421447754,
      8.28573989868164,
      8.361899375915527,
      8.438058853149414,
      8.5142183303833,
      8.590377807617188,
      8.666537284851074,
      8.742696762084961,
      8.818857192993164,
      8.895015716552734,
      8.971176147460938,
      9.047334671020508,
      9.123495101928711,
      9.199654579162598,
      9.275814056396484,
      9.351973533630371,
      9.428133010864258,
      9.504292488098145,
      9.580451965332031,
      9.656611442565918,
      9.732770919799805,
      9.808930397033691
    ]
  },
  "4": {
    "hist": [
      1,
      2,
      11,
      24,
      52,
      73,
      103,
      156,
      162,
      235,
      241,
      314,
      330,
      324,
      367,
      430,
      387,
      405,
      398,
      401,
      391,
      380,
      401,
      338,
      370,
      321,
      255,
      270,
      222,
      196,
      180,
      145,
      119,
      101,
      64,
      59,
      46,
      39,
      25,
      28,
      18,
      12,
      12,
      9,
      8,
      4,
      2,
      2,
      0,
      1
    ],