{
  "cluster": {
    "davies_bouldin": 0.7749014215161875,
    "silhouette": 0.520933210849762
  },
  "comparability": {
    "bge_style_train_probe_available": false,
    "embedding_variant": "raw",
    "label_note": "The Qwen stage uses happiness while the earlier BGE stage uses joy. Cross-stage comparisons must explain this mapping explicitly.",
    "source_eval_only": true
  },
  "geometry": {
    "avg_cross_class_distance": 117.70731692718007,
    "avg_same_class_distance": 43.74633148934004,
    "centroid_cosine_distance_matrix": [
      [
        0.0,
        0.5535501837730408,
        1.0599212646484375,
        0.9543643593788147,
        0.5953247547149658,
        0.7899683713912964
      ],
      [
        0.5535501837730408,
        0.0,
        1.0044918060302734,
        0.8719459772109985,
        0.6221885681152344,
        0.6895388960838318
      ],
      [
        1.0599212646484375,
        1.0044918060302734,
        0.0,
        0.5068031549453735,
        0.8970127105712891,
        0.5726916790008545
      ],
      [
        0.9543643593788147,
        0.8719459772109985,
        0.5068031549453735,
        0.0,
        0.7803304195404053,
        0.5705703496932983
      ],
      [
        0.5953247547149658,
        0.6221885681152344,
        0.8970127105712891,
        0.7803304195404053,
        0.0,
        0.8140991926193237
      ],
      [
        0.7899683713912964,
        0.6895388960838318,
        0.5726916790008545,
        0.5705703496932983,
        0.8140991926193237,
        0.0
      ]
    ],
    "centroid_euclidean_distance_matrix": [
      [
        0.0,
        116.9040298461914,
        161.42913818359375,
        156.24090576171875,
        105.38449096679688,
        137.99179077148438
      ],
      [
        116.9040298461914,
        0.0,
        171.8473663330078,
        162.6253662109375,
        121.80702209472656,
        140.86395263671875
      ],
      [
        161.42913818359375,
        171.8473663330078,
        0.0,
        124.63690185546875,
        146.1822052001953,
        129.07562255859375
      ],
      [
        156.24090576171875,
        162.6253662109375,
        124.63690185546875,
        0.0,
        139.50494384765625,
        130.92970275878906
      ],
      [
        105.38449096679688,
        121.80702209472656,
        146.1822052001953,
        139.50494384765625,
        0.0,
        137.59259033203125
      ],
      [
        137.99179077148438,
        140.86395263671875,
        129.07562255859375,
        130.92970275878906,
        137.59259033203125,
        0.0
      ]
    ],
    "labels": [
      0,
      1,
      2,
      3,
      4,
      5
    ],
    "same_to_cross_distance_ratio": 0.37165345903181035
  },
  "pca": {
    "explained_variance_ratio": [
      0.3445776402950287,
      0.1531749814748764,
      0.1323956996202469,
      0.11282767355442047,
      0.08959158509969711
    ],
    "top_component_ratio": 0.3445776402950287
  },
  "source_model_prediction": {
    "accuracy": 0.9804358593363051,
    "macro_f1": 0.980469697179406,
    "source_eval_metrics_accuracy": 0.9804358593363051
  }
}
