{
  "centered_l2": {
    "embedding_variant": "centered_l2",
    "nonlinear_projection_method": "tsne",
    "pca_class_centroids": {
      "anger": [
        0.18607249855995178,
        0.020258735865354538
      ],
      "fear": [
        0.11430463939905167,
        0.03838213533163071
      ],
      "joy": [
        -0.21540044248104095,
        -0.005187093745917082
      ],
      "love": [
        -0.13078615069389343,
        0.061565887182950974
      ],
      "sadness": [
        0.19100944697856903,
        -0.03433842211961746
      ],
      "surprise": [
        -0.06834403425455093,
        -0.02628442645072937
      ]
    },
    "pca_explained_variance_ratio": [
      0.07070524990558624,
      0.033253349363803864
    ],
    "run_name": "run-103-bge-base-en-v1-5-centered-l2-meanpool"
  },
  "l2": {
    "embedding_variant": "l2",
    "nonlinear_projection_method": "tsne",
    "pca_class_centroids": {
      "anger": [
        0.11250155419111252,
        0.016261227428913116
      ],
      "fear": [
        0.06862419843673706,
        0.016175851225852966
      ],
      "joy": [
        -0.1288512796163559,
        -0.0026390934363007545
      ],
      "love": [
        -0.07856482267379761,
        0.03610418736934662
      ],
      "sadness": [
        0.1135699599981308,
        -0.01997469551861286
      ],
      "surprise": [
        -0.04017257317900658,
        -0.018317142501473427
      ]
    },
    "pca_explained_variance_ratio": [
      0.06984376162290573,
      0.03314930200576782
    ],
    "run_name": "run-102-bge-base-en-v1-5-l2-meanpool"
  },
  "raw": {
    "embedding_variant": "raw",
    "nonlinear_projection_method": "tsne",
    "pca_class_centroids": {
      "anger": [
        1.7735601663589478,
        0.24622254073619843
      ],
      "fear": [
        1.0626063346862793,
        0.3054797947406769
      ],
      "joy": [
        -2.0201539993286133,
        -0.05743053928017616
      ],
      "love": [
        -1.2350611686706543,
        0.5594902634620667
      ],
      "sadness": [
        1.7814457416534424,
        -0.3105935752391815
      ],
      "surprise": [
        -0.6267561912536621,
        -0.25684675574302673
      ]
    },
    "pca_explained_variance_ratio": [
      0.07022279500961304,
      0.03355119004845619
    ],
    "run_name": "run-101-bge-base-en-v1-5-raw-meanpool"
  }
}
