{
  "cluster": {
    "davies_bouldin": 7.913296154090893,
    "silhouette": 0.0037699269596487284
  },
  "geometry": {
    "avg_cross_class_distance": 9.581442821264266,
    "avg_same_class_distance": 9.13111057639122,
    "centroid_cosine_distance_matrix": [
      [
        0.0,
        0.04759025573730469,
        0.040287673473358154,
        0.014097392559051514,
        0.027495384216308594,
        0.0392911434173584
      ],
      [
        0.04759025573730469,
        0.0,
        0.013300716876983643,
        0.05321002006530762,
        0.04994684457778931,
        0.025401532649993896
      ],
      [
        0.040287673473358154,
        0.013300716876983643,
        0.0,
        0.04300248622894287,
        0.04800492525100708,
        0.030605316162109375
      ],
      [
        0.014097392559051514,
        0.05321002006530762,
        0.04300248622894287,
        0.0,
        0.03220558166503906,
        0.045278310775756836
      ],
      [
        0.027495384216308594,
        0.04994684457778931,
        0.04800492525100708,
        0.03220558166503906,
        0.0,
        0.031716108322143555
      ],
      [
        0.0392911434173584,
        0.025401532649993896,
        0.030605316162109375,
        0.045278310775756836,
        0.031716108322143555,
        0.0
      ]
    ],
    "centroid_euclidean_distance_matrix": [
      [
        0.0,
        3.9088094234466553,
        3.5894670486450195,
        2.137007713317871,
        2.9904026985168457,
        3.564823627471924
      ],
      [
        3.9088094234466553,
        0.0,
        2.051687717437744,
        4.134966850280762,
        4.0152716636657715,
        2.855314254760742
      ],
      [
        3.5894670486450195,
        2.051687717437744,
        0.0,
        3.710170030593872,
        3.929158926010132,
        3.1281075477600098
      ],
      [
        2.137007713317871,
        4.134966850280762,
        3.710170030593872,
        0.0,
        3.237508535385132,
        3.8284013271331787
      ],
      [
        2.9904026985168457,
        4.0152716636657715,
        3.929158926010132,
        3.237508535385132,
        0.0,
        3.2106189727783203
      ],
      [
        3.564823627471924,
        2.855314254760742,
        3.1281075477600098,
        3.8284013271331787,
        3.2106189727783203,
        0.0
      ]
    ],
    "labels": [
      0,
      1,
      2,
      3,
      4,
      5
    ],
    "same_to_cross_distance_ratio": 0.9529995374106272
  },
  "knn": {
    "1": {
      "accuracy": 0.681,
      "macro_f1": 0.6007935560381106
    },
    "5": {
      "accuracy": 0.727,
      "macro_f1": 0.6469957614339673
    }
  },
  "logistic_regression": {
    "accuracy": 0.7535,
    "macro_f1": 0.6966163023651664
  },
  "pca": {
    "explained_variance_ratio": [
      0.07022278755903244,
      0.033551283180713654,
      0.026050223037600517,
      0.023588305339217186,
      0.021611565724015236
    ],
    "top_component_ratio": 0.07022278755903244
  }
}
